{"cameraMode":{"drawMode":0,"name":"Shaded","section":"Shading Mode"},"sceneLighting":true,"audioPlay":false,"sceneViewState":{"m_AlwaysRefresh":false,"showFog":true,"showSkybox":true,"showFlares":true,"showImageEffects":true,"showParticleSystems":true,"showVisualEffectGraphs":true,"m_FxEnabled":true},"in2DMode":false,"pivot":{"x":7.875356197357178,"y":4.245786190032959,"z":-24.042844772338868},"rotation":{"x":-0.05278315395116806,"y":-0.0024024390149861576,"z":0.00010309135541319847,"w":-0.9985578656196594},"size":1.1670503616333008,"orthographic":false}